{
  "args": {
    "n": 300,
    "upper": 1000000000
  },
  "data": [
    {
      "args": {
        "ans": [
          4817595467,
          4550988963,
          4801057272,
          4810434951,
          1,
          4123527314,
          2146825895,
          1137358942,
          66320630
        ],
        "k": 10,
        "n": 10,
        "shortest": true
      },
      "cases": [
        1
      ]
    },
    {
      "args": {
        "ans": [
          9425187448,
          9458680482,
          9468082314,
          9479330092,
          9518530169,
          9148942134,
          5123558424,
          2141114349,
          1015046789
        ],
        "k": 20,
        "n": 20,
        "shortest": true
      },
      "cases": [
        2
      ]
    },
    {
      "args": {
        "ans": [
          4335292893,
          4105509411,
          4304030348,
          4347278553,
          4350999377,
          4379503860,
          4071533460,
          2174110630,
          912356789
        ],
        "k": 10,
        "n": 10
      },
      "cases": [
        3
      ]
    },
    {
      "args": {
        "ans": [
          1,
          79945707,
          79945707,
          79945707,
          79945707,
          40130194,
          19234561,
          9123521,
          4913417
        ],
        "graph": 0,
        "k": 100,
        "n": 300
      },
      "cases": [
        4
      ]
    },
    {
      "args": {
        "ans": [
          1,
          6064880,
          6064880,
          6064880,
          6064880,
          6064880,
          3012341,
          1501394,
          604880
        ],
        "graph": 1,
        "k": 100,
        "n": 300
      },
      "cases": [
        5
      ]
    },
    {
      "args": {
        "ans": [
          1,
          14153672,
          14153672,
          14153672,
          14153672,
          14153672,
          7461241,
          3142453,
          1453672
        ],
        "graph": 2,
        "k": 100,
        "n": 300
      },
      "cases": [
        6
      ]
    },
    {
      "args": {
        "ans": [
          5653322620,
          5653757402,
          5653783120,
          5653820065,
          5112351321,
          5341564376,
          3543237785,
          1867552348,
          934221567
        ],
        "k": 10,
        "n": 300
      },
      "cases": [
        7
      ]
    },
    {
      "args": {
        "ans": [
          8051492417,
          8052498593,
          8052514941,
          8052601346,
          4012354352,
          2312441223,
          1436634131,
          805601346,
          451234125
        ],
        "k": 20,
        "n": 300
      },
      "cases": [
        8
      ]
    },
    {
      "args": {
        "ans": [
          17030635494,
          17036718473,
          17036573728,
          17037004349,
          17030980972,
          13123532512,
          10129041292,
          7014213245,
          1123412322
        ],
        "k": 30,
        "n": 300
      },
      "cases": [
        9
      ]
    },
    {
      "args": {
        "ans": [
          38213741553,
          38216718153,
          38214628239,
          38217049542,
          38216848934,
          18123412321,
          8123412312,
          2212341244,
          1381203984
        ],
        "k": 50,
        "n": 300,
        "valuable ruby": true
      },
      "cases": [
        10
      ]
    }
  ],
  "down": [
    {
      "args": {
        "ans": [
          118509,
          118509,
          118509,
          118509,
          118509,
          118509,
          48490,
          48490,
          48490
        ],
        "k": 5,
        "n": 10,
        "tweak": 2
      },
      "cases": [
        1
      ]
    }
  ],
  "folder": "problem",
  "name": "ruby",
  "samples": [
    {
      "cases": [
        1
      ]
    }
  ],
  "type": "output",
  "version": 0,
  "title": {
	"en" : "Ruby"
  }
}