{
  "args": [
    1000000000,
    100,
    1000000000
  ],
  "compile": {
    "c": "-O2 -lm",
    "cpp": "-O2 -lm",
    "pas": "-O2"
  },
  "data": [
    {
      "args": {
        "a": 1000000000,
        "m": 10,
        "n": 1000
      },
      "cases": [
        1,
        2
      ]
    },
    {
      "args": {
        "a": 1,
        "m": 1,
        "n": 1000000000
      },
      "cases": [
        3
      ]
    },
    {
      "args": {
        "a": 1,
        "m": 2,
        "n": 1000000000
      },
      "cases": [
        4
      ]
    },
    {
      "args": {
        "a": 1000000000,
        "m": 3,
        "n": 1000000000
      },
      "cases": [
        5
      ]
    },
    {
      "args": {
        "a": 1,
        "m": 5,
        "n": 1000000000
      },
      "cases": [
        6
      ]
    },
    {
      "args": {
        "a": 1,
        "m": 20,
        "n": 1000000000
      },
      "cases": [
        7,
        8
      ]
    },
    {
      "args": {
        "a": 1000000000,
        "m": 50,
        "n": 1000000000
      },
      "cases": [
        9
      ]
    },
    {
      "args": {
        "a": 1000000000,
        "m": 100,
        "n": 1000000000
      },
      "cases": [
        10
      ]
    }
  ],
  "folder": "problem",
  "memory limit": "512 MB",
  "name": "polynomial",
  "partial score": false,
  "samples": [
    {
      "cases": [
        1,
        2,
        3
      ]
    }
  ],
  "time limit": 1,
  "title": {
    "zh-cn": "\u591a\u9879\u5f0f\u6c42\u548c"
  },
  "type": "program",
  "version": 0
}