{
	"type" : "program",
	"cnname" : "多项式求和",
	"time limit" : 1,
	"memory limit" : "512 MB",
	"test cases" : 10,
	"partial score" : false,
	"compile" : {
		"cpp" : "-O2 -lm",
		"c" : "-O2 -lm",
		"pas" : "-O2"
	},
	"sample count" : 3,
	"args" : [1000000000, 100, 1000000000],
	"data" : [
        {"cases" : [1,2], "args" : {"n" : 1000, "m" : 10, "a" : 1000000000}},
        {"cases" : [3], "args" : {"n" : 1000000000, "m" : 1, "a" : 1}},
        {"cases" : [4], "args" : {"n" : 1000000000, "m" : 2, "a" : 1}},
        {"cases" : [5], "args" : {"n" : 1000000000, "m" : 3, "a" : 1000000000}},
        {"cases" : [6], "args" : {"n" : 1000000000, "m" : 5, "a" : 1}},
        {"cases" : [7,8], "args" : {"n" : 1000000000, "m" : 20, "a" : 1}},
        {"cases" : [9], "args" : {"n" : 1000000000, "m" : 50, "a" : 1000000000}},
        {"cases" : [10], "args" : {"n" : 1000000000, "m" : 100, "a" : 1000000000}}
	]
}