{
  "args": [
    2000,
    60000
  ],
  "compile": {
    "c": "-O2 -lm",
    "cpp": "-O2 -lm",
    "pas": "-O2"
  },
  "data": [
    {
      "args": [
        10,
        10,
        60
      ],
      "cases": [
        1,
        2
      ]
    },
    {
      "args": [
        10,
        10,
        60
      ],
      "cases": [
        3,
        4
      ]
    },
    {
      "args": [
        10,
        10,
        60
      ],
      "cases": [
        5,
        6
      ]
    },
    {
      "args": [
        1,
        1000,
        1000
      ],
      "cases": [
        7,
        8
      ]
    },
    {
      "args": [
        1,
        1000,
        1000
      ],
      "cases": [
        9,
        10
      ]
    },
    {
      "args": [
        1,
        1000,
        1000
      ],
      "cases": [
        11,
        12
      ]
    },
    {
      "args": [
        300,
        300,
        8000
      ],
      "cases": [
        13,
        14
      ]
    },
    {
      "args": [
        300,
        300,
        8000
      ],
      "cases": [
        15,
        16
      ]
    },
    {
      "args": [
        300,
        300,
        8000
      ],
      "cases": [
        17,
        18,
        19
      ]
    },
    {
      "args": [
        1000,
        1000,
        60000
      ],
      "cases": [
        20
      ]
    }
  ],
  "folder": "problem",
  "memory limit": "512 MB",
  "name": "mine",
  "partial score": false,
  "samples": [
    {
      "cases": [
        1,
        2,
        3
      ]
    }
  ],
  "time limit": 1,
  "title": {
    "zh-cn": "\u626b\u96f7"
  },
  "type": "program",
  "version": 0
}