{
	"type" : "program",
	"cnname" : "扫雷",
	"time limit" : 1,
	"memory limit" : "512 MB",
	"test cases" : 20,
	"partial score" : false,
	"compile" : {
		"cpp" : "-O2 -lm",
		"c" :  "-O2 -lm",
		"pas" : "-O2"
	},
	"sample count" : 3,
	"args" : [2000, 60000],
	"data" : [
		{"cases" : [1,2], "args" : [10, 10, 60]},
		{"cases" : [3,4], "args" : [10, 10, 60]},
		{"cases" : [5,6], "args" : [10, 10, 60]},
		{"cases" : [7,8], "args" : [1, 1000, 1000]},
		{"cases" : [9,10], "args" : [1, 1000, 1000]},
		{"cases" : [11,12], "args" : [1, 1000, 1000]},
		{"cases" : [13,14], "args" : [300, 300, 8000]},
		{"cases" : [15,16], "args" : [300, 300, 8000]},
		{"cases" : [17,18,19], "args" : [300, 300, 8000]},
		{"cases" : [20], "args" : [1000, 1000, 60000]}
	]
}
